{"n_estimators": 500, "random_state": 10, "learning_rate": 0.03736527108852834, "num_leaves": 380, "max_depth": 11, "lambda_l1": 32, "lambda_l2": 50, "min_gain_to_split": 0, "bagging_fraction": 0.9006816731097691, "bagging_freq": 1, "colsample_bytree": 0.9332030368261983}